mutation,welch_t,welch_p,ks_stat,ks_p,cohens_d,ci99_lo,ci99_hi,significant
zero_ct,50.931045,0.00e+00,0.285313,0.00e+00,0.734079,1359.82,1504.69,YES
flip_poly_u,43.916161,0.00e+00,0.282092,3.61e-322,0.633741,1160.93,1305.59,YES
flip_msg_v,44.154178,0.00e+00,0.282194,3.66e-322,0.637219,1167.58,1312.24,YES
random_ct,48.398434,0.00e+00,0.284813,0.00e+00,0.698458,1288.53,1433.40,YES
boundary_coeff,50.696660,0.00e+00,0.284206,0.00e+00,0.731339,1353.64,1498.55,YES
